<?xml version='1.0' encoding='UTF-8'?>
<definitions xmlns="http://www.omg.org/spec/BPMN/20100524/MODEL" xmlns:xsi="http://www.w3.org/2001/XMLSchema-instance" xmlns:xsd="http://www.w3.org/2001/XMLSchema" xmlns:activiti="http://activiti.org/bpmn" xmlns:bpmndi="http://www.omg.org/spec/BPMN/20100524/DI" xmlns:omgdc="http://www.omg.org/spec/DD/20100524/DC" xmlns:omgdi="http://www.omg.org/spec/DD/20100524/DI" typeLanguage="http://www.w3.org/2001/XMLSchema" expressionLanguage="http://www.w3.org/1999/XPath" targetNamespace="http://www.activiti.org/processdef" xmlns:modeler="http://activiti.com/modeler" modeler:version="1.0en" modeler:exportDateTime="20180405153910061" modeler:modelId="5005" modeler:modelVersion="9" modeler:modelLastUpdated="1522939099881">
  <process id="formboldcheckbox" name="form bold checkbox" isExecutable="true">
    <documentation>form bold checkbox</documentation>
    <startEvent id="startEvent1">
      <extensionElements>
        <modeler:editor-resource-id><![CDATA[startEvent1]]></modeler:editor-resource-id>
      </extensionElements>
    </startEvent>
    <userTask id="sid-A045089D-848C-436E-8E23-DBB8EFB7CC2F" activiti:assignee="$INITIATOR" activiti:formKey="5006">
      <extensionElements>
        <modeler:allow-send-email><![CDATA[true]]></modeler:allow-send-email>
        <modeler:form-reference-id><![CDATA[5006]]></modeler:form-reference-id>
        <modeler:form-reference-name><![CDATA[boldform]]></modeler:form-reference-name>
        <modeler:activiti-idm-initiator><![CDATA[true]]></modeler:activiti-idm-initiator>
        <modeler:editor-resource-id><![CDATA[sid-A045089D-848C-436E-8E23-DBB8EFB7CC2F]]></modeler:editor-resource-id>
      </extensionElements>
    </userTask>
    <sequenceFlow id="sid-4FF7D59C-2926-4C89-A29D-2D8D55259C0B" sourceRef="startEvent1" targetRef="sid-A045089D-848C-436E-8E23-DBB8EFB7CC2F">
      <extensionElements>
        <modeler:editor-resource-id><![CDATA[sid-4FF7D59C-2926-4C89-A29D-2D8D55259C0B]]></modeler:editor-resource-id>
      </extensionElements>
    </sequenceFlow>
    <endEvent id="sid-410DA429-F9E4-4437-93F9-451769200373">
      <extensionElements>
        <modeler:editor-resource-id><![CDATA[sid-410DA429-F9E4-4437-93F9-451769200373]]></modeler:editor-resource-id>
      </extensionElements>
    </endEvent>
    <sequenceFlow id="sid-AF329BFF-B58C-49FC-8683-0C0D3B9F0E08" sourceRef="sid-A045089D-848C-436E-8E23-DBB8EFB7CC2F" targetRef="sid-410DA429-F9E4-4437-93F9-451769200373">
      <extensionElements>
        <modeler:editor-resource-id><![CDATA[sid-AF329BFF-B58C-49FC-8683-0C0D3B9F0E08]]></modeler:editor-resource-id>
      </extensionElements>
    </sequenceFlow>
  </process>
  <bpmndi:BPMNDiagram id="BPMNDiagram_formboldcheckbox">
    <bpmndi:BPMNPlane bpmnElement="formboldcheckbox" id="BPMNPlane_formboldcheckbox">
      <bpmndi:BPMNShape bpmnElement="startEvent1" id="BPMNShape_startEvent1">
        <omgdc:Bounds height="30.0" width="30.0" x="100.0" y="163.0"/>
      </bpmndi:BPMNShape>
      <bpmndi:BPMNShape bpmnElement="sid-A045089D-848C-436E-8E23-DBB8EFB7CC2F" id="BPMNShape_sid-A045089D-848C-436E-8E23-DBB8EFB7CC2F">
        <omgdc:Bounds height="80.0" width="100.0" x="165.0" y="135.0"/>
      </bpmndi:BPMNShape>
      <bpmndi:BPMNShape bpmnElement="sid-410DA429-F9E4-4437-93F9-451769200373" id="BPMNShape_sid-410DA429-F9E4-4437-93F9-451769200373">
        <omgdc:Bounds height="28.0" width="28.0" x="320.0" y="164.0"/>
      </bpmndi:BPMNShape>
      <bpmndi:BPMNEdge bpmnElement="sid-4FF7D59C-2926-4C89-A29D-2D8D55259C0B" id="BPMNEdge_sid-4FF7D59C-2926-4C89-A29D-2D8D55259C0B">
        <omgdi:waypoint x="129.9932545528355" y="177.5502023634149"/>
        <omgdi:waypoint x="165.0" y="176.5"/>
      </bpmndi:BPMNEdge>
      <bpmndi:BPMNEdge bpmnElement="sid-AF329BFF-B58C-49FC-8683-0C0D3B9F0E08" id="BPMNEdge_sid-AF329BFF-B58C-49FC-8683-0C0D3B9F0E08">
        <omgdi:waypoint x="265.0" y="175.0"/>
        <omgdi:waypoint x="292.5" y="175.0"/>
        <omgdi:waypoint x="292.5" y="178.0"/>
        <omgdi:waypoint x="320.0" y="178.0"/>
      </bpmndi:BPMNEdge>
    </bpmndi:BPMNPlane>
  </bpmndi:BPMNDiagram>
</definitions>